Number_of_Customers_Per_Day,Average_Order_Value,Operating_Hours_Per_Day,Number_of_Employees,Marketing_Spend_Per_Day,Location_Foot_Traffic,Daily_Revenue
352,4.02,17,7,285.32,835,1991.15
344,4.44,12,10,454.8,109,2073.81
129,8.8,9,6,52.2,275,1296.22
417,7.42,9,2,383.35,815,3575.63
329,4.56,12,6,261.01,221,1711.32
302,4.73,12,13,35.52,667,1332.53
403,9.41,7,12,452.49,577,4266.21
218,7.06,13,12,390.17,284,1625.61
200,9.84,14,13,496.49,406,2478.24
62,5.73,7,5,422.85,638,552.06
271,7.18,13,2,145.99,905,1832.05
264,6.74,12,5,474.91,634,2445.08
313,6.42,12,4,481.09,951,2572.23
498,6.54,14,5,374.78,788,3190.37
84,7.7,12,10,488.94,860,1479.56
425,5.12,15,2,89.47,897,2240.9
175,2.78,13,14,16.87,430,172.26
70,2.84,10,8,81.59,304,299.11
77,5.97,14,4,130.27,209,1228.09
384,7.46,8,14,308.64,580,2606.22
467,7.6,12,14,373.24,904,3425.14
148,7.51,12,6,424.92,356,1704.07
485,6.8,10,3,19.0,283,3120.34
295,5.87,12,13,24.36,312,1235.65
395,8.03,16,6,42.26,264,2849.1
472,7.86,15,4,296.83,993,3373.92
499,7.2,6,7,394.15,785,4226.64
343,9.09,9,6,313.37,171,3197.52
379,8.71,15,10,467.39,422,3760.19
91,6.57,17,2,465.64,100,1131.81
237,5.89,10,4,34.66,725,1150.42
141,9.82,15,12,111.83,326,1647.15
138,5.39,9,9,376.35,541,1527.08
72,5.7,8,4,364.53,571,1105.0
489,3.19,16,8,246.39,96,1814.09
377,4.11,13,5,325.91,989,1577.4
443,7.0,12,3,455.7,422,3880.19
387,9.11,13,14,123.72,496,3360.36
146,3.3,16,4,403.11,488,1532.17
473,8.26,9,3,435.71,976,4080.23
330,6.6,16,7,132.0,257,2491.68
219,7.38,14,10,149.85,366,1867.12
104,5.18,6,8,211.36,918,865.11
389,6.16,12,11,131.26,810,2271.32
98,9.75,6,13,457.0,148,1493.32
143,4.29,11,14,247.78,956,910.99
335,5.71,6,9,357.36,852,2144.29
50,7.3,12,11,164.07,574,672.24
333,7.34,13,5,442.0,796,2606.99
367,3.04,8,10,422.84,287,1634.67
456,4.95,8,4,124.18,815,2529.56
414,8.71,11,2,247.25,397,3714.16
398,9.09,6,6,91.76,636,3118.39
139,6.83,15,5,122.05,270,1135.49
191,4.8,12,9,495.21,848,1651.88
258,9.68,10,9,356.25,886,2762.04
103,6.58,9,6,399.04,292,1073.91
138,7.97,8,10,48.39,590,1009.97
429,6.37,17,14,338.28,758,3070.3
371,4.01,15,4,35.1,176,1567.28
247,6.89,15,3,275.59,849,1978.49
244,9.45,8,3,166.42,936,1949.11
288,3.7,14,11,44.57,161,963.39
499,3.56,15,4,469.84,225,2405.6
107,6.96,16,9,249.59,909,835.11
233,6.48,17,3,384.92,688,1633.16
62,8.42,8,5,209.1,632,602.71
309,5.98,11,11,380.83,320,2337.67
150,3.48,9,6,397.74,726,961.45
194,9.1,16,3,167.08,366,1712.21
337,5.71,16,13,316.66,760,2258.52
339,5.61,12,12,277.42,241,2186.01
352,3.39,6,6,141.61,230,1511.52
455,9.73,16,13,179.35,729,4290.67
450,5.18,16,7,290.48,459,2822.04
496,5.88,6,6,206.48,140,2950.07
418,8.31,14,10,171.25,146,3250.59
55,8.8,8,2,187.22,546,1067.55
450,2.8,12,8,83.2,184,1546.51
229,4.87,16,13,385.42,974,1575.99
157,8.4,14,5,230.3,381,1856.18
124,6.23,6,13,124.48,117,553.52
51,6.4,7,12,34.43,281,221.87
95,7.08,14,2,402.89,482,952.98
409,2.57,6,5,459.96,468,1617.52
402,4.53,10,12,297.52,301,1996.43
118,8.81,12,2,20.31,504,849.19
490,6.78,8,14,359.69,150,3450.43
72,4.98,14,10,167.1,427,729.9
492,6.14,9,9,50.15,690,3077.97
337,2.63,9,7,48.22,624,694.53
148,7.18,8,11,274.71,819,1368.3
495,5.53,7,8,337.33,733,2844.74
324,4.79,6,14,419.78,997,1693.69
217,8.0,14,3,268.81,478,2202.66
414,4.95,6,2,156.47,495,2087.3
277,5.56,14,10,222.06,666,1644.35
98,7.01,8,8,18.83,289,638.78
130,9.18,8,11,472.58,610,1353.05
391,5.04,11,2,494.3,311,2165.16
278,8.91,7,11,192.99,198,2334.13
288,6.27,9,6,299.52,177,1987.81
100,8.29,10,13,179.89,824,874.15
72,4.71,13,7,454.96,57,817.09
275,5.41,11,10,264.06,643,1927.98
387,4.02,14,2,145.94,271,1361.27
419,5.33,11,9,209.25,227,2138.67
78,5.03,14,11,118.03,787,808.44
111,6.91,14,4,324.97,582,1255.75
426,4.7,15,5,111.37,668,1861.88
401,8.63,15,4,458.27,918,3324.14
301,2.72,16,7,277.66,951,932.17
496,5.8,16,8,221.74,465,2763.78
435,3.5,8,12,392.24,326,2132.79
202,8.38,7,5,294.31,868,2373.21
405,5.78,6,14,207.36,315,2593.73
457,7.08,7,3,356.33,612,3298.45
172,9.52,16,5,247.79,506,1821.15
304,2.57,16,10,438.75,445,1127.22
244,7.32,9,9,147.42,890,1935.48
403,6.3,6,8,173.73,669,2708.93
353,3.97,9,10,427.75,445,1788.15
217,7.5,16,5,40.19,819,1620.83
102,9.89,7,14,247.26,907,1503.13
171,6.93,15,11,180.17,68,1357.1
324,7.72,10,4,14.88,187,2254.57
404,6.37,10,6,380.89,298,3139.38
353,8.22,11,4,207.72,104,3173.78
379,5.78,17,8,12.87,941,2119.05
457,9.18,9,12,415.68,221,4269.48
375,5.85,16,8,494.75,695,2708.86
311,2.61,12,12,299.99,221,1274.07
409,9.04,16,5,289.05,947,3618.25
255,4.64,16,6,262.44,811,1684.51
273,3.36,15,2,405.84,251,1408.72
225,2.97,9,5,25.22,271,766.37
272,4.75,14,5,188.42,101,1655.44
316,3.01,10,7,352.77,415,1639.54
355,4.25,11,7,324.98,164,1567.45
300,4.53,6,3,184.09,496,1471.63
157,9.01,8,3,361.61,645,1454.36
222,2.58,16,5,219.29,183,1112.02
282,6.6,15,4,246.13,188,2129.44
117,9.63,17,5,144.84,143,1418.58
332,4.75,14,6,42.83,506,1785.35
100,6.56,6,2,302.07,865,1390.73
230,8.63,6,10,166.95,476,1802.03
192,4.18,6,3,426.66,136,1085.74
112,4.51,16,8,31.48,691,668.8
53,8.92,10,8,133.77,123,334.11
203,3.64,17,8,166.66,991,815.32
100,7.66,8,14,456.98,627,1177.41
304,3.42,17,9,327.65,675,1314.04
435,4.3,13,13,487.87,292,2088.53
286,8.21,6,6,44.64,724,2183.92
210,7.55,10,6,341.88,603,1875.86
250,5.77,11,11,135.45,329,1635.23
360,2.69,14,3,269.01,282,1199.59
266,8.47,14,8,221.71,889,2422.75
169,3.6,14,9,249.77,360,968.66
391,6.55,11,11,189.69,110,2527.46
139,5.94,10,13,281.55,101,1341.37
131,5.64,12,9,273.06,802,1069.6
332,8.38,17,13,315.06,110,3242.25
429,3.24,15,7,45.81,880,1417.73
456,3.36,15,11,260.65,715,1534.74
110,3.66,10,13,314.52,458,974.96
166,6.99,11,6,132.68,891,997.87
204,4.79,17,9,149.74,379,1392.36
255,4.16,14,5,482.53,237,1759.04
340,3.37,9,5,112.03,430,1171.67
369,6.29,12,2,456.67,919,3030.71
469,8.43,8,9,472.22,816,4064.34
259,2.91,12,12,121.77,440,946.16
141,3.81,17,6,175.23,512,800.3
96,8.54,13,6,239.02,725,1711.5
313,7.82,16,8,281.51,765,2693.92
187,8.67,14,14,324.63,121,2244.17
458,6.79,9,14,368.03,214,3081.02
350,9.5,15,8,477.52,840,3684.7
334,4.85,9,5,264.02,457,2361.02
226,2.89,13,12,365.21,905,696.76
343,4.63,17,7,210.68,393,1586.06
483,2.73,15,6,438.1,929,1761.35
271,4.88,10,3,276.31,358,1623.18
53,2.83,8,9,380.59,513,723.22
206,7.92,13,11,403.3,209,2102.07
390,6.77,7,8,48.56,840,2406.09
316,9.02,17,6,125.48,928,2983.04
283,4.28,14,4,397.14,945,1890.55
288,7.55,13,10,68.88,964,2138.49
101,8.85,12,5,280.82,394,1236.47
52,5.56,12,3,177.74,208,584.03
303,4.08,17,2,213.8,746,992.56
299,8.16,12,11,497.79,104,2966.23
263,3.5,6,7,213.66,224,1323.79
278,4.84,11,9,289.45,910,1657.61
154,5.75,12,3,311.3,962,1583.67
486,3.74,15,6,433.85,772,2105.49
418,6.23,16,11,84.47,586,2233.45
464,8.81,13,10,100.07,882,3642.11
96,9.88,7,2,226.9,887,1051.9
434,9.74,17,14,359.67,283,4587.04
310,5.85,9,14,205.86,276,2032.04
233,9.67,11,4,330.46,750,2546.69
54,4.64,11,9,46.47,816,333.02
338,9.49,8,6,185.53,865,3047.24
186,7.19,17,12,138.58,637,1365.76
173,9.01,10,3,489.68,419,2361.43
305,3.6,14,8,115.47,261,956.99
395,9.83,7,6,164.81,765,3779.55
272,8.0,14,2,49.92,163,1779.7
134,9.03,10,9,76.14,619,1518.42
66,2.5,9,4,196.16,356,598.94
53,2.87,15,8,426.3,214,886.09
237,8.11,14,3,187.67,781,1836.87
483,4.78,6,6,487.79,144,2535.37
308,5.72,15,6,274.98,659,1604.4
361,5.76,8,11,463.83,740,2521.4
390,7.81,13,7,211.89,497,2852.67
171,7.26,10,6,116.24,320,1281.64
75,5.21,17,5,167.08,997,915.52
391,4.79,15,3,116.67,229,1831.85
385,2.59,17,13,374.93,754,1412.93
398,7.13,11,4,218.69,468,3008.62
127,4.49,16,9,363.96,283,889.56
456,4.71,11,12,227.09,402,2067.64
83,8.69,7,14,472.45,620,1808.73
174,5.49,13,11,84.19,318,867.49
484,6.77,15,6,367.47,672,3447.32
374,4.87,11,10,310.43,540,2247.39
88,8.97,16,8,82.57,473,594.21
415,6.09,13,2,129.3,610,2478.34
323,8.72,9,5,189.65,372,2915.16
367,6.95,8,7,209.17,347,2653.17
175,5.26,8,8,188.64,951,545.99
52,6.62,11,13,448.43,966,978.11
180,7.71,14,11,208.28,851,1872.52
239,6.84,14,7,200.8,948,1898.09
87,9.98,8,9,209.94,137,976.9
467,2.63,6,4,276.99,63,1715.92
63,2.68,8,9,18.29,519,272.13
379,8.4,8,10,234.52,525,3611.98
186,4.44,8,8,162.73,620,910.51
315,4.38,17,12,340.81,93,2075.17
232,8.55,7,12,299.55,345,2455.1
257,6.85,7,14,20.36,904,1570.17
150,8.37,12,6,456.56,710,1832.94
247,3.35,10,8,451.37,513,1446.7
322,7.05,6,10,229.94,396,2449.1
499,8.55,15,11,382.63,663,4251.28
69,3.57,17,2,339.77,447,588.16
229,2.54,15,10,103.64,560,1034.66
175,7.77,12,14,121.11,522,1508.96
60,6.58,15,12,130.54,756,683.59
58,8.48,11,14,438.03,351,1106.16
314,5.73,16,6,223.66,141,1984.9
164,8.07,16,2,492.91,358,2092.3
193,8.89,14,10,362.85,719,1990.4
311,6.65,13,3,448.05,948,2486.36
155,5.65,9,5,490.88,490,1465.26
148,7.38,7,3,399.13,129,1860.07
289,7.16,7,11,243.78,635,2234.97
225,3.26,8,9,251.58,116,1103.53
437,3.81,8,3,230.3,383,1985.43
341,7.47,7,7,247.78,820,2523.22
240,4.56,15,11,91.6,136,989.98
459,9.45,16,7,208.21,76,4253.81
209,9.09,12,8,251.56,869,1918.58
238,9.0,11,4,331.35,156,2179.13
491,7.95,8,2,413.71,646,4371.01
288,7.58,8,6,306.95,192,2302.2
154,5.59,16,4,380.61,873,1292.15
269,5.11,15,11,294.98,848,1986.94
204,7.93,16,14,93.7,885,1489.89
235,8.47,11,14,85.17,517,1862.18
205,9.32,12,5,133.86,612,2109.82
236,5.91,10,13,255.92,417,1733.71
88,9.73,16,3,74.54,812,973.32
333,9.64,17,4,189.71,590,3109.02
381,9.13,7,5,184.79,498,3346.51
132,3.97,17,12,313.8,806,667.45
314,9.15,13,5,471.23,869,3228.38
345,5.15,16,14,141.26,62,1582.05
276,6.83,11,8,161.72,160,1924.36
89,4.56,14,9,92.54,308,582.28
445,3.97,12,11,104.96,806,1374.78
104,8.77,9,3,404.89,847,1505.72
373,5.55,13,13,235.83,204,2082.7
91,4.45,9,2,268.38,79,939.48
189,6.75,11,7,203.15,960,1517.9
223,3.52,7,7,37.4,732,482.73
119,6.95,11,9,108.58,142,743.48
256,8.07,11,6,399.82,239,2149.69
50,6.15,12,9,76.89,626,382.77
327,5.84,14,12,232.38,812,1992.09
456,4.35,10,2,194.15,284,2227.94
183,4.01,7,7,110.54,684,943.9
125,3.98,12,9,363.51,882,881.58
267,5.57,12,10,412.22,487,1965.35
426,9.58,12,6,113.49,956,3722.06
169,5.88,16,4,268.63,284,1531.22
348,3.94,8,3,485.36,559,1807.44
475,3.72,6,9,318.99,761,1516.04
323,9.77,17,10,329.62,466,3162.38
489,2.86,17,2,63.91,168,1372.58
264,7.28,8,6,416.8,492,2263.92
273,4.04,16,11,437.95,853,1694.57
186,8.0,14,14,13.47,724,1366.64
64,4.0,12,8,318.71,89,566.16
343,7.51,11,11,334.12,342,2917.95
405,8.84,9,8,411.51,291,4031.12
130,7.83,10,13,53.93,473,1053.29
145,7.99,15,5,319.46,402,1637.22
216,8.46,14,7,458.42,622,2725.18
406,6.45,13,11,467.37,928,3090.92
313,3.44,17,4,256.99,320,1169.01
199,3.47,11,2,90.17,887,962.96
230,7.51,16,12,473.63,452,1985.22
245,6.13,7,13,99.63,767,1352.53
250,7.29,15,2,410.73,270,2365.12
430,2.99,14,3,25.29,309,1322.45
240,3.76,7,4,101.8,952,731.8
335,5.27,14,8,241.98,565,2120.92
484,9.1,17,6,467.0,657,4626.59
276,4.49,14,13,146.17,746,1340.39
302,7.26,15,10,220.77,105,2040.26
495,9.32,10,10,172.68,523,4388.59
200,9.53,7,8,41.16,294,1702.72
384,7.99,8,11,388.41,293,3118.01
170,5.66,7,5,211.45,431,1072.55
222,7.32,9,14,307.42,220,1926.38
303,8.37,12,3,272.49,954,2182.18
241,6.3,13,4,435.18,692,2006.16
276,6.79,6,2,88.1,301,1920.99
445,7.1,15,2,474.31,123,3792.99
210,8.37,8,9,29.89,924,1228.13
269,7.03,15,9,94.65,177,1746.03
210,4.93,6,10,173.68,649,1632.72
466,9.19,12,10,484.53,182,4529.09
409,5.48,14,4,416.67,894,2936.39
112,6.68,12,13,419.7,817,1361.8
243,5.06,12,9,382.16,762,1600.62
359,5.48,6,14,213.92,352,1769.92
180,6.87,11,7,23.78,698,1156.98
62,7.38,7,8,349.04,308,927.68
306,7.27,6,10,317.13,847,2579.68
181,7.92,13,8,118.67,302,1304.06
435,9.37,9,5,71.97,579,3562.54
243,5.16,13,11,207.49,753,1102.91
365,6.16,15,11,169.01,358,2129.14
252,7.51,12,14,352.05,522,2351.86
286,5.95,12,11,492.62,309,2258.66
219,7.18,13,10,69.47,846,1558.1
264,4.2,12,3,63.58,998,1148.25
286,9.04,6,14,315.25,240,2927.5
141,4.45,11,10,90.72,314,658.28
352,5.69,11,8,77.74,705,2109.89
299,6.42,17,5,320.55,229,1893.39
153,5.51,17,10,326.56,703,1344.53
264,7.23,11,14,141.21,851,1817.06
196,9.08,10,7,206.16,203,1955.26
469,5.87,11,7,92.74,653,3327.96
183,7.58,17,14,103.73,658,1445.85
78,5.76,13,3,376.14,536,1079.45
71,6.7,9,11,371.03,68,955.7
492,9.08,10,3,178.55,634,4313.93
358,6.89,11,3,234.54,427,2477.38
196,5.62,10,11,210.26,548,1476.76
365,4.67,15,11,10.12,424,1605.64
162,8.3,17,11,414.51,284,2142.44
87,8.46,8,10,341.78,60,1510.41
298,8.15,12,14,165.29,611,1751.97
226,8.82,6,8,76.4,455,1845.97
200,9.48,12,7,72.13,879,1721.02
67,7.05,14,2,157.58,304,771.27
111,9.78,11,6,261.58,938,1690.06
64,9.73,15,14,250.32,54,974.01
178,7.13,7,5,323.21,195,2077.2
465,8.97,11,5,374.24,512,4328.67
469,4.72,17,2,283.05,602,2369.75
326,2.64,16,11,35.62,888,952.25
125,7.38,12,10,476.33,932,1563.69
241,9.75,15,12,410.8,758,2787.37
220,9.82,16,12,391.21,962,2331.09
206,3.32,14,9,161.83,786,825.64
466,3.63,10,14,490.2,368,2162.28
198,5.57,14,9,252.46,68,1409.71
384,5.38,9,9,311.52,284,2233.03
487,8.45,12,8,282.09,905,4348.58
316,5.52,7,7,117.34,327,1745.19
190,8.63,16,5,460.74,652,2373.41
182,8.4,8,6,346.0,773,2020.95
399,8.72,14,8,268.14,814,3495.83
395,7.55,16,14,429.52,523,3289.2
161,9.88,9,3,341.75,437,2040.24
219,3.02,6,7,155.63,260,908.8
63,4.77,16,7,197.91,776,694.4
360,5.58,16,2,28.51,888,2105.2
450,2.95,16,8,453.9,100,1730.5
472,5.01,8,6,42.66,868,2342.93
420,6.41,11,14,341.29,392,3335.56
329,9.41,14,10,242.52,627,2964.48
212,4.69,15,13,427.27,430,1546.92
372,6.41,11,4,466.11,913,2816.85
422,8.52,7,11,85.87,589,3028.7
398,5.35,14,3,483.1,818,2569.01
207,2.97,13,10,349.99,112,1359.75
62,6.48,10,11,260.92,144,684.41
93,9.5,16,4,235.37,631,791.1
95,4.17,6,4,338.11,735,951.06
274,5.79,8,9,368.98,790,2004.2
409,7.5,6,7,469.48,899,3132.71
97,2.57,11,11,368.79,413,470.62
173,2.6,10,8,498.37,281,1201.91
460,9.58,6,14,304.47,458,4251.34
131,4.49,13,12,367.02,382,995.95
481,9.81,15,12,73.23,230,4314.8
80,8.68,8,2,402.94,321,1331.8
412,8.05,14,5,290.23,784,3421.45
473,4.56,11,10,40.0,731,1930.53
388,9.39,10,9,66.22,633,3566.01
225,8.35,17,13,37.63,534,1654.9
300,5.12,6,13,255.83,529,1511.12
365,9.3,15,13,211.05,132,3184.78
264,7.6,13,14,318.08,885,2099.66
345,2.84,10,14,106.15,145,525.72
395,5.54,10,2,446.21,126,2701.08
289,9.74,10,5,317.15,962,3063.88
183,8.02,15,6,337.96,83,1963.49
338,5.97,7,5,253.81,81,2326.78
197,3.55,15,3,277.99,293,1169.24
442,3.91,13,11,300.32,779,2101.71
317,5.46,11,2,28.39,887,1604.14
337,3.29,7,11,73.86,283,1344.33
77,4.54,8,11,34.08,934,199.99
428,8.35,15,14,383.56,309,3564.08
201,5.66,11,11,107.79,633,1206.99
51,9.83,15,5,468.72,408,912.56
105,8.89,17,10,125.43,608,1407.92
490,7.96,14,2,215.92,872,4073.21
300,8.93,13,5,45.64,108,2410.17
438,2.59,8,4,104.09,341,1204.25
277,2.99,15,14,157.81,466,861.86
400,2.89,12,9,449.17,865,1794.07
446,9.46,9,13,237.99,459,3800.86
165,4.58,8,7,124.82,767,1027.77
248,3.86,16,6,213.35,565,1061.02
483,7.58,11,6,240.65,951,3930.63
304,9.52,8,4,245.29,204,3396.19
95,3.33,8,7,367.33,622,614.69
396,2.59,11,5,429.94,941,1508.32
308,3.5,17,4,284.46,409,1535.35
334,5.78,12,10,41.8,373,1641.99
399,5.85,8,14,276.62,245,2444.88
159,9.3,9,6,142.47,570,1515.36
93,4.99,16,5,261.25,211,842.42
229,8.71,15,13,186.12,811,1959.46
490,3.04,6,9,483.26,885,1722.09
331,8.55,12,2,465.92,628,3409.5
194,9.3,17,13,143.43,302,1929.14
221,9.13,7,7,211.14,743,2081.86
301,3.89,14,14,357.21,763,1888.15
182,4.86,13,9,175.31,322,1112.91
207,5.75,17,4,226.77,504,1333.87
54,7.8,7,13,185.78,67,684.09
86,8.35,7,14,92.38,207,777.55
492,3.27,9,14,323.84,450,2214.17
449,5.99,11,5,328.62,550,3165.51
489,4.68,16,2,203.23,788,2323.34
241,8.23,13,12,495.41,142,2277.83
78,8.46,14,9,139.76,753,646.15
207,7.16,14,14,15.77,786,1236.79
377,8.21,6,11,251.74,349,3023.34
391,7.69,17,14,419.86,782,3009.74
97,2.69,14,2,105.52,551,581.57
280,3.7,6,14,58.58,156,1225.02
100,4.54,8,12,332.86,405,914.55
495,3.41,13,7,197.36,515,1639.41
112,8.42,17,14,65.18,174,929.9
201,5.19,11,12,104.79,727,1118.49
388,7.02,14,12,103.85,549,2451.31
342,3.98,6,3,340.35,544,1621.9
232,7.26,12,13,209.87,353,1396.5
423,5.38,12,10,283.98,522,2141.82
446,6.72,15,9,473.38,139,3380.83
147,3.74,8,2,58.29,948,627.6
146,9.08,16,7,74.2,57,1768.82
213,3.89,11,12,53.19,896,707.25
111,6.38,11,3,408.44,530,1101.34
420,7.43,16,11,68.68,806,2875.83
469,4.91,10,2,413.15,73,2771.86
90,8.33,8,9,232.44,317,896.74
398,8.67,17,11,248.81,543,3573.23
61,8.81,16,2,127.72,565,683.94
182,3.0,7,3,338.94,224,911.18
50,8.39,13,12,499.29,995,982.94
220,3.08,10,10,473.11,280,1141.35
201,3.32,6,10,326.17,644,993.5
469,7.79,13,14,214.81,75,3419.1
407,4.01,13,9,430.9,331,2415.51
84,3.55,7,4,464.97,161,728.54
248,7.78,8,3,451.58,774,2887.0
211,4.22,6,4,44.33,71,684.96
224,3.27,6,3,42.97,541,851.77
451,8.19,9,5,278.33,960,3891.49
427,9.6,12,4,324.72,681,4375.0
280,6.1,8,10,14.22,564,1672.29
334,6.03,8,3,53.95,985,1705.65
364,8.52,8,13,238.09,390,3263.94
127,3.89,15,5,246.29,711,384.85
321,4.82,13,6,339.17,166,1861.56
135,8.98,17,14,188.87,436,1498.2
264,3.29,8,11,448.59,228,1806.24
64,8.51,12,8,362.16,877,1234.19
106,3.74,10,7,422.14,575,793.95
308,7.5,17,3,74.91,53,1963.54
182,9.35,6,7,474.34,262,2145.36
131,6.05,9,5,42.54,385,568.26
393,6.39,16,11,87.05,845,2154.81
158,8.9,11,10,293.77,423,1555.11
64,4.0,11,4,313.11,93,673.55
494,2.52,8,3,51.54,257,1035.6
103,5.94,9,2,184.54,835,576.58
153,5.3,10,7,160.47,513,644.07
209,2.62,8,12,387.19,938,686.26
234,2.94,10,3,50.8,110,814.3
454,2.97,17,9,448.43,462,1698.58
484,9.12,14,8,195.69,367,4273.33
415,7.03,16,2,21.7,881,2320.94
231,2.53,7,5,408.24,684,1076.74
352,9.57,16,12,330.9,949,3690.29
153,9.95,6,13,83.8,813,1674.74
276,6.29,14,6,189.91,783,1521.6
377,6.24,17,11,13.66,119,2076.36
295,4.93,6,8,20.77,719,1313.39
184,4.33,15,7,364.11,965,1113.96
303,9.86,6,5,85.87,589,2828.52
196,8.56,12,5,417.65,388,1823.93
278,6.35,7,13,466.55,267,2238.07
388,5.62,14,5,216.24,516,2178.19
440,7.22,11,10,387.9,722,3532.43
366,8.39,15,11,483.99,108,3474.4
64,5.73,8,9,458.23,948,1190.47
450,6.21,11,3,119.57,177,2626.46
285,9.04,14,10,10.63,923,2250.06
147,3.26,14,12,469.4,607,1308.04
367,5.47,17,14,294.59,109,2204.94
332,9.59,16,8,454.36,315,3696.02
226,4.85,17,14,379.12,507,1656.48
349,4.28,16,4,466.43,431,1875.8
86,8.04,15,2,425.62,582,1360.88
378,5.31,12,10,212.54,783,1921.86
193,7.38,11,12,353.17,933,1521.33
420,3.39,17,7,276.27,932,1707.24
265,8.23,15,14,327.57,842,2481.98
153,6.07,17,9,120.35,865,659.04
429,3.1,6,10,104.23,266,1135.57
137,8.15,10,14,29.11,505,1367.08
103,7.57,11,13,45.89,333,355.61
280,5.89,6,9,174.35,108,1902.98
139,6.34,17,11,29.31,811,1041.59
127,8.05,13,12,404.5,574,1488.48
179,8.02,14,2,287.76,745,1922.61
96,9.2,16,11,347.75,225,1334.27
492,6.96,16,11,220.79,968,3407.85
288,8.95,9,11,349.51,790,2945.84
85,9.76,15,12,225.9,578,1304.23
452,3.76,9,14,80.1,795,1530.44
61,6.22,13,13,285.43,680,628.88
460,2.75,6,12,428.66,632,1913.51
421,4.72,12,6,310.22,956,2108.2
467,7.77,12,7,361.85,488,4192.68
414,3.36,9,3,365.48,951,1931.6
300,5.78,9,11,363.1,263,2372.93
339,5.49,10,14,329.84,552,2225.45
395,3.3,8,2,381.85,222,1727.14
434,4.87,8,7,139.99,366,2061.89
63,5.27,8,12,68.44,77,342.3
186,9.31,16,7,325.25,467,2134.25
321,5.74,13,11,111.68,763,1553.05
82,6.7,12,4,226.92,874,941.4
74,4.04,7,5,244.93,50,962.21
368,8.43,6,7,335.11,489,2910.33
274,9.32,17,7,81.84,672,2459.48
193,2.82,16,13,280.33,867,815.6
88,2.99,13,13,424.3,162,857.1
293,9.0,11,8,325.93,444,3189.48
322,5.01,6,6,178.85,617,1773.71
66,8.64,16,9,60.14,315,921.4
353,9.03,9,8,475.64,919,3536.78
423,4.78,16,13,204.67,292,2018.71
401,7.54,16,9,138.72,141,2625.69
383,7.04,9,11,87.11,329,2357.66
276,6.87,12,2,285.06,933,2337.13
241,2.55,10,4,401.29,121,770.84
426,8.48,9,10,271.93,594,3569.73
422,5.95,14,2,141.74,717,2352.7
118,7.84,14,7,285.95,208,1187.77
94,4.0,13,8,297.05,861,1067.39
372,6.23,12,8,209.63,888,2385.46
269,2.93,11,8,162.64,505,698.14
144,5.35,17,12,130.71,896,885.01
155,8.64,16,7,219.56,203,1426.42
103,3.46,9,8,201.22,975,905.28
374,8.2,11,8,361.42,278,3401.57
276,3.81,17,6,75.76,704,846.16
199,3.15,16,11,259.89,734,737.58
440,5.45,16,6,21.06,592,2242.42
273,7.97,13,5,48.47,695,2156.14
320,8.48,17,4,462.63,770,2912.2
54,9.16,8,7,147.04,718,915.61
191,2.83,12,13,442.42,357,1084.24
457,9.1,6,9,469.37,719,4271.39
109,10.0,17,8,258.01,596,1623.6
121,8.88,6,9,183.49,484,1155.18
367,3.49,13,9,343.32,604,1863.85
292,6.08,14,4,14.49,226,1706.2
50,3.81,15,10,279.21,285,833.74
201,3.86,7,4,31.98,356,877.85
239,7.24,9,8,371.34,842,1909.37
442,8.97,16,2,158.5,821,3570.59
436,4.94,16,12,468.88,516,2667.73
114,6.71,11,8,411.0,214,1434.24
116,8.08,6,9,320.61,388,1260.77
474,8.53,13,9,57.44,526,3942.01
478,4.66,13,13,67.6,947,1819.25
193,3.1,16,4,199.37,964,563.38
345,7.8,6,13,467.46,281,3469.84
471,3.05,16,7,53.72,541,1271.5
74,7.86,11,11,342.28,193,1157.6
266,5.12,8,14,373.89,747,1873.39
459,9.05,9,7,165.46,531,4079.76
347,7.57,6,6,300.85,290,2792.28
133,8.59,9,4,458.55,933,2249.11
367,9.68,10,8,217.45,598,3531.49
144,3.22,10,13,294.09,718,917.59
374,3.96,6,9,312.87,706,2056.69
458,7.93,8,12,420.54,391,3883.61
494,4.94,7,9,302.17,894,2626.8
380,7.77,7,9,405.29,80,3409.93
100,9.03,7,12,170.84,798,1230.75
221,9.79,6,12,311.98,305,2586.31
77,8.3,13,6,51.85,524,1004.43
338,6.5,7,6,131.01,257,2442.92
358,6.17,16,7,203.46,758,2084.43
416,9.98,17,10,483.07,576,4737.16
435,6.31,16,14,129.37,589,2580.95
342,5.13,13,7,113.27,73,1953.2
395,7.71,7,11,86.74,137,3029.76
107,9.99,6,10,445.25,981,1555.73
300,2.97,14,5,257.42,295,820.05
451,9.88,15,14,493.23,879,4750.98
136,9.7,14,7,56.42,745,1358.22
124,9.64,6,3,320.3,843,1439.22
322,6.32,10,8,51.48,355,1914.57
413,3.96,14,9,494.72,402,2386.15
379,2.68,17,2,144.61,169,735.65
418,4.99,12,6,256.51,630,2205.39
212,5.49,11,5,357.56,587,1316.08
391,9.38,8,13,141.57,661,3471.07
114,7.56,15,2,421.6,898,1261.82
423,4.94,8,6,159.11,933,1904.75
409,8.92,6,6,420.06,764,3398.07
337,4.45,13,10,84.59,780,1404.46
352,9.86,13,8,384.9,606,3323.63
110,5.65,12,5,307.8,169,1188.32
443,3.81,11,5,212.7,827,1950.51
494,6.5,7,3,215.28,478,3264.06
437,9.63,14,3,409.82,337,4129.01
326,7.13,7,4,392.54,73,2416.98
420,7.36,12,13,318.32,376,3295.77
173,3.37,9,7,95.25,700,626.48
219,2.59,17,14,370.41,647,1353.08
437,8.12,10,5,208.55,219,3553.46
351,9.26,13,6,233.18,224,3142.47
466,3.83,15,3,362.8,254,1973.73
74,7.42,7,7,301.69,362,947.63
476,6.07,17,9,13.61,50,2568.96
70,7.81,10,3,273.27,237,890.17
240,5.8,11,6,422.39,609,1533.5
366,7.53,10,3,150.76,705,2646.9
180,5.77,9,6,251.04,176,1209.26
369,3.01,6,11,362.5,637,1271.51
130,9.8,10,3,405.66,236,1998.36
459,7.12,11,5,409.87,759,3448.06
389,4.2,8,3,27.23,284,1442.16
75,3.22,10,5,401.85,615,824.35
101,5.43,13,13,247.1,952,1037.04
495,9.26,13,4,147.83,450,4459.21
75,5.67,10,11,418.12,516,938.56
277,5.21,14,3,270.86,966,2058.43
107,4.52,12,8,86.29,236,582.77
334,6.13,11,5,158.61,304,2374.29
161,4.77,13,10,396.75,987,1029.08
317,6.74,14,7,448.57,196,2267.6
318,4.06,13,5,52.21,515,897.27
145,9.03,16,8,387.17,440,1961.05
386,7.1,14,6,335.37,824,2949.02
354,4.07,9,12,276.5,539,1601.6
141,3.11,15,2,115.58,865,509.63
194,7.76,6,7,349.47,207,1894.94
145,2.64,7,5,35.83,594,405.71
160,9.32,16,4,68.68,638,1295.77
156,4.61,8,9,37.98,813,974.58
228,3.96,6,2,336.69,877,1076.57
314,4.93,8,14,142.12,494,1717.36
422,5.23,14,11,25.22,68,1690.9
400,5.26,8,4,465.09,566,2668.22
406,3.24,13,9,377.58,832,1617.91
247,3.61,12,9,264.0,345,1285.85
420,6.38,14,8,484.33,904,3122.07
387,2.69,13,2,234.3,145,1535.35
62,5.38,8,11,19.51,570,427.37
399,6.2,6,12,449.16,466,3140.89
321,8.24,12,11,441.82,690,3376.26
271,7.06,17,3,432.76,342,2423.3
429,3.44,9,9,444.43,733,1789.37
495,9.53,12,10,141.32,238,4188.8
441,7.0,16,5,480.28,964,3562.93
380,5.28,12,14,48.53,215,1982.68
378,9.04,6,11,413.27,525,3672.71
107,7.05,11,8,464.9,789,1240.07
477,5.89,16,5,256.41,505,2859.93
221,3.03,11,12,419.94,93,1462.87
372,6.48,15,6,21.48,991,2182.73
85,3.87,16,3,90.64,728,438.92
317,7.14,16,8,217.12,503,2104.51
195,6.43,15,10,94.12,574,909.76
432,3.08,6,5,398.34,138,1627.13
90,3.29,9,14,19.79,908,575.74
103,9.58,10,14,177.69,548,1218.11
130,8.79,14,7,126.16,68,949.82
227,5.34,8,11,103.83,796,1162.21
176,3.49,7,11,57.71,639,304.47
268,7.3,16,2,146.33,690,2152.47
355,7.26,11,5,452.6,534,3070.93
395,5.05,13,4,297.26,451,1838.19
236,3.05,16,6,151.68,744,1056.49
480,7.88,10,4,36.71,533,3266.2
306,8.88,8,7,411.52,74,2944.62
235,4.35,13,3,337.89,284,1568.35
167,7.93,10,3,385.49,397,1404.76
239,9.01,11,5,368.62,516,2622.95
275,8.04,14,10,145.86,735,2106.36
270,7.67,9,4,141.34,452,1684.15
144,7.34,9,8,272.94,330,1410.56
387,7.2,17,11,187.15,734,2707.05
177,7.31,11,9,85.85,919,1132.2
469,7.6,15,8,156.72,760,3026.63
186,7.82,8,11,127.21,717,1227.94
59,8.42,12,6,270.36,969,736.55
360,6.34,8,4,141.16,301,2382.33
338,3.26,14,8,121.49,177,1013.53
147,3.72,16,2,89.62,363,1184.64
177,5.86,15,4,232.93,154,1559.04
471,4.02,16,8,217.94,307,2262.33
484,6.7,15,11,213.4,461,3065.6
279,7.08,17,2,142.17,517,1998.44
162,5.19,8,12,474.1,218,1447.91
334,5.93,17,13,32.57,75,1563.46
296,4.04,6,7,254.49,251,1130.54
55,4.43,17,3,115.53,130,587.25
376,4.52,10,8,18.17,260,1456.45
442,7.27,14,14,471.67,587,3792.23
145,4.72,8,13,429.91,314,1879.51
162,3.77,16,10,476.61,894,1056.8
74,8.32,10,5,113.16,805,1096.45
235,8.03,14,6,281.49,788,2058.75
320,6.05,12,14,423.04,724,2110.23
394,8.35,9,11,162.08,681,3228.44
476,2.85,10,3,306.48,144,1440.81
183,4.36,9,6,272.92,998,1017.9
200,9.93,10,7,260.85,585,2446.14
148,7.96,7,10,364.19,955,2019.47
237,7.86,14,12,353.63,936,1624.56
224,6.04,16,4,270.65,980,1505.11
152,6.74,14,4,106.62,97,1547.81
469,7.66,17,2,108.69,432,3481.42
361,8.92,9,3,114.63,756,3021.99
412,9.32,16,11,453.02,875,4277.53
431,7.97,8,6,228.92,515,3150.98
309,7.29,15,11,318.54,830,2662.21
428,8.7,10,4,257.09,695,3662.64
239,5.36,6,4,109.72,513,1412.89
290,7.18,8,10,262.14,224,1953.38
54,7.49,9,14,321.69,990,887.0
266,5.26,13,12,192.2,492,1724.15
318,4.4,16,11,442.59,971,1851.99
319,5.94,14,6,271.44,219,1762.75
134,5.93,10,4,418.17,696,1622.94
167,7.78,8,6,82.25,609,1038.52
196,6.63,15,8,194.23,768,1287.48
66,9.21,10,11,305.96,506,946.68
345,6.56,13,5,305.86,804,2400.69
488,3.62,11,8,26.81,985,1502.35
102,2.74,8,9,498.15,187,961.27
322,7.01,15,3,107.59,967,1822.27
174,2.93,16,8,149.3,651,484.74
276,2.7,13,14,296.97,271,946.03
102,8.28,9,5,499.68,119,1420.47
57,7.43,13,7,191.54,521,813.53
446,6.83,13,14,371.76,844,3521.52
214,7.87,9,9,414.47,947,2230.91
148,2.75,13,5,125.99,474,827.63
352,2.86,13,2,243.8,689,1488.28
433,7.36,16,5,438.46,465,3780.26
263,3.05,9,4,379.37,779,1214.72
313,4.58,10,10,293.26,623,1682.24
210,6.22,13,7,334.37,504,2030.01
376,8.21,7,13,473.58,965,3423.87
310,7.17,7,9,371.69,669,2775.05
345,2.71,9,9,336.85,725,1401.55
171,7.73,7,5,344.51,135,2025.55
499,3.46,12,12,268.23,805,1545.55
272,8.62,15,7,389.58,381,2552.25
273,7.13,7,5,18.31,939,2039.47
420,4.45,12,5,468.92,935,2458.0
414,7.87,10,6,354.18,191,3487.98
391,6.14,11,13,323.29,83,2633.21
308,4.44,7,7,53.5,161,1200.74
147,8.41,17,5,336.23,327,1494.22
439,4.57,10,2,354.29,700,2639.0
88,5.16,9,2,396.14,459,1362.1
50,6.14,10,6,294.07,812,1046.39
265,2.5,15,7,342.54,84,1129.88
53,9.06,12,12,250.95,422,894.36
498,6.5,15,3,350.12,305,3594.83
375,3.17,15,12,493.11,144,1768.0
380,7.27,14,5,37.13,871,2584.56
495,6.65,16,9,92.61,413,3156.76
496,2.97,8,10,377.01,578,1905.42
447,8.0,14,8,208.8,327,3593.75
367,7.31,17,13,255.43,691,2611.42
384,9.56,12,10,328.09,73,3658.63
68,5.29,6,9,138.51,393,301.89
351,8.76,7,13,349.36,734,3318.6
341,7.92,15,6,479.92,292,2928.11
285,6.12,14,3,50.63,447,1636.24
437,4.2,8,8,290.43,78,2024.64
453,2.56,17,8,107.12,400,1063.01
457,7.45,12,9,349.77,91,3643.51
181,8.04,16,4,458.03,653,2076.82
433,6.39,16,2,136.53,50,2686.54
304,3.56,14,14,403.57,135,1564.81
251,6.91,8,5,344.76,315,2098.16
212,4.73,10,14,346.18,216,1320.77
401,7.71,8,13,88.28,917,2506.68
256,9.2,12,9,334.31,642,2648.97
368,7.39,11,4,428.16,480,2973.21
226,5.41,8,13,140.93,118,1189.65
484,3.52,10,3,408.08,603,2368.49
112,3.75,15,3,287.22,106,780.35
147,4.31,16,5,102.65,114,981.97
87,5.09,11,3,387.91,653,821.82
316,9.95,15,3,359.92,595,3362.6
354,8.28,16,3,253.61,302,3628.77
456,8.49,9,4,477.31,472,4322.97
352,4.42,14,13,384.41,777,1957.62
439,5.74,12,14,53.31,616,2105.02
367,3.49,14,11,166.83,608,1285.69
209,5.66,15,7,102.36,415,1481.44
214,4.85,15,9,404.89,792,1354.03
148,3.12,8,14,171.47,556,613.04
180,9.18,15,14,31.5,595,1752.61
365,8.19,12,13,62.65,223,2729.42
77,4.32,7,11,297.43,357,995.74
83,2.84,15,6,202.49,89,612.85
127,4.29,15,13,155.13,558,431.61
412,3.22,14,13,217.85,109,1398.21
301,3.88,15,9,226.61,346,1698.86
261,3.0,15,8,407.86,397,1045.35
493,8.7,9,13,293.5,519,4164.28
414,8.86,11,14,276.01,95,3603.35
471,4.28,11,7,235.73,352,2217.3
207,6.54,11,7,462.41,729,1757.41
385,3.45,17,3,150.83,282,1107.14
54,3.63,11,8,65.48,940,643.77
69,8.74,16,8,382.89,103,1359.82
344,4.57,13,14,485.9,889,2283.85
370,6.68,17,14,207.24,938,2575.78
74,8.06,17,13,74.23,823,716.77
203,8.67,12,13,377.37,806,2087.24
196,5.49,10,2,155.81,934,971.46
154,3.14,14,3,484.25,124,1329.49
290,7.33,8,3,476.61,941,3035.71
150,4.05,14,8,222.99,739,896.82
320,5.06,13,9,438.62,499,1892.72
193,8.16,17,7,269.47,885,1636.6
495,2.73,14,6,68.99,846,1421.17
428,9.59,15,5,391.16,353,4307.21
484,6.95,17,13,55.82,641,2693.7
462,2.66,12,13,302.23,887,1411.11
167,6.33,17,4,322.33,256,1261.49
476,8.13,15,5,229.72,505,3511.41
77,9.19,11,7,357.79,861,917.23
492,3.31,14,14,110.88,578,1729.35
450,5.28,15,2,170.2,360,2492.86
372,8.11,17,10,55.89,262,2945.51
229,6.41,13,2,317.82,313,1928.29
201,3.4,10,10,126.79,754,959.47
371,2.95,16,2,153.01,829,1429.74
210,9.86,7,10,456.0,673,2397.9
162,2.59,11,13,33.01,632,615.55
259,8.84,12,9,246.18,748,2183.02
425,9.84,6,6,391.97,205,4388.82
397,8.67,13,10,405.77,300,3552.39
112,6.61,10,9,130.45,80,1090.83
405,5.56,7,4,148.51,432,2653.48
484,8.13,16,9,287.29,620,3692.47
468,3.66,9,3,29.02,241,1967.63
329,6.02,6,9,271.47,528,2402.0
466,7.52,12,7,51.85,773,2801.26
112,9.45,15,7,189.61,369,1123.52
167,6.83,15,14,268.51,198,1600.19
414,8.46,15,9,483.23,836,3927.55
233,8.78,8,11,499.61,763,2572.68
303,4.8,15,2,142.03,131,1721.41
223,4.03,6,14,263.39,842,1121.68
124,9.67,17,3,130.86,686,1542.9
229,6.36,8,2,206.17,725,1543.43
272,6.57,9,2,30.13,885,1957.73
89,8.67,14,10,45.46,441,815.09
408,5.75,6,3,106.58,720,1917.57
489,5.04,14,3,167.63,931,2515.07
201,4.35,10,10,275.46,236,1588.89
351,4.61,12,14,387.29,590,1959.54
58,3.07,12,6,276.79,461,597.95
415,5.88,10,10,290.42,999,2674.33
375,7.09,13,2,242.83,949,2446.88
122,4.69,7,6,158.72,507,736.9
301,6.11,10,3,400.23,277,2165.62
398,2.64,8,9,247.58,56,1105.98
193,2.96,6,8,435.37,211,1080.77
161,6.31,12,2,197.95,779,1112.07
144,5.46,7,8,122.56,157,776.78
335,9.79,14,7,107.84,129,3117.13
121,8.32,8,8,40.99,135,1099.85
219,9.3,15,6,220.62,696,1890.32
343,6.19,15,6,282.79,367,2200.27
337,4.94,10,13,73.59,75,1745.88
166,7.85,9,3,195.39,473,1452.28
246,9.86,11,11,436.08,761,2600.28
286,8.29,7,3,346.15,511,2642.55
205,3.52,8,11,460.82,540,802.86
182,6.31,17,10,139.96,115,1101.31
445,8.32,11,11,25.92,164,3386.34
153,3.1,11,11,300.81,861,1401.04
209,8.54,12,8,16.51,781,1708.77
99,7.41,9,6,59.08,578,883.29
202,8.44,6,7,284.96,448,1800.67
163,5.53,12,8,35.88,239,1053.47
275,3.86,6,3,65.69,640,1375.2
271,2.95,12,11,73.4,494,511.02
171,9.54,16,6,441.84,698,2367.5
88,6.93,8,12,189.97,621,662.66
153,3.16,10,3,146.29,527,618.89
118,5.19,7,7,23.81,489,290.59
149,5.26,6,10,259.66,498,1056.64
395,6.16,8,10,411.64,67,2968.22
138,3.66,7,12,480.2,434,873.7
261,5.58,17,9,461.17,59,1894.0
391,2.53,6,13,309.71,430,1514.68
242,5.75,12,12,166.89,994,1218.26
421,6.3,15,3,87.03,696,2435.19
219,6.56,16,3,470.97,483,2133.33
87,4.36,15,5,377.89,319,874.63
326,8.31,11,5,147.09,915,2911.72
406,9.83,10,11,36.18,646,3434.25
485,7.62,10,2,246.68,421,3731.49
152,8.53,15,5,158.36,615,1051.83
447,2.51,9,14,248.86,358,1492.8
284,9.05,6,5,407.62,961,2716.07
115,9.81,17,14,336.54,316,1145.17
55,8.55,11,11,211.19,61,860.39
442,9.21,11,2,67.0,104,3877.65
200,7.18,17,8,442.4,341,2078.84
78,2.76,15,11,475.75,442,993.66
201,8.71,12,3,255.1,309,2099.27
342,8.36,17,6,102.68,502,2467.2
91,4.1,13,12,454.26,91,1056.55
207,4.09,16,11,322.33,986,1076.33
203,2.76,14,4,115.48,769,614.25
213,5.01,8,9,265.7,224,1259.5
491,9.86,12,3,192.87,570,4179.09
445,6.61,14,6,328.98,74,2927.85
350,6.19,13,9,214.52,568,2150.61
429,5.15,13,3,439.21,797,2812.56
359,4.66,6,9,170.04,622,1904.38
456,3.88,6,3,373.03,276,2272.88
306,4.45,14,3,28.41,111,964.59
267,3.19,8,5,90.71,628,1067.01
251,4.1,10,10,37.75,882,889.21
407,3.69,14,14,48.16,57,1316.34
162,4.12,14,13,33.06,604,840.16
362,4.73,15,6,138.72,374,1934.37
219,7.12,13,13,72.17,684,941.23
354,8.82,9,12,61.84,487,3152.05
377,5.41,9,6,417.31,752,2038.48
228,6.07,9,4,268.36,729,1818.12
380,7.14,16,9,140.39,892,2568.92
326,6.44,9,8,11.92,951,2356.09
146,9.64,9,14,403.81,159,1752.11
331,9.33,13,8,205.25,581,2923.67
53,3.36,17,8,456.31,964,1140.16
61,5.57,17,7,410.77,93,1119.94
111,8.11,6,11,198.92,257,1212.01
379,9.07,6,4,437.06,933,3709.88
342,3.01,7,11,96.57,573,847.19
418,6.87,7,2,218.15,126,3184.29
422,8.14,15,6,142.63,390,3281.16
447,2.89,11,8,248.08,916,1411.72
168,4.19,10,5,209.12,596,1145.2
56,8.85,11,7,220.86,618,533.17
434,3.75,14,5,31.85,641,1923.67
257,8.48,13,10,173.32,382,2562.67
486,7.64,7,11,338.42,805,3684.25
209,2.75,13,10,453.82,233,883.14
421,5.48,8,3,56.48,484,1991.45
172,4.02,17,8,256.81,524,1159.32
175,5.88,11,9,65.49,669,843.46
194,9.07,10,5,483.35,391,2347.84
150,8.77,15,12,436.69,275,1994.8
214,8.09,8,10,197.97,253,2054.88
150,7.66,8,8,39.73,738,1144.17
441,7.59,13,12,322.69,449,3466.22
228,8.8,11,8,96.44,782,2000.62
365,7.55,17,13,421.98,614,2777.11
357,9.94,12,7,400.74,714,3835.95
463,8.63,7,10,492.94,620,4368.39
451,8.98,13,8,194.9,696,3889.46
316,3.7,17,2,385.72,374,1825.22
194,3.54,17,5,273.47,986,1412.21
179,8.86,15,11,96.1,302,1518.5
169,2.54,17,11,248.38,910,865.99
210,4.13,6,9,364.43,416,1507.63
222,9.96,16,4,45.54,430,2083.86
308,9.34,13,8,440.9,367,3372.74
226,8.87,17,11,297.81,689,2274.94
188,7.39,9,5,13.48,148,1300.42
435,3.07,17,4,246.35,198,1913.58
311,3.25,15,4,11.88,619,1005.9
138,5.49,16,12,293.16,454,1235.4
353,8.98,8,6,253.4,811,3385.84
389,3.8,12,11,88.88,687,1295.81
263,9.72,8,14,481.19,649,2873.88
63,6.95,12,6,431.16,306,536.59
379,3.08,9,2,230.51,554,1393.27
72,9.75,9,6,228.41,57,734.71
236,4.18,6,2,38.54,380,954.1
65,5.35,13,6,237.78,797,432.47
296,8.94,11,12,415.51,978,2792.35
480,3.76,13,10,249.07,909,2274.07
63,6.87,10,6,407.44,464,1148.8
386,4.62,16,13,176.43,160,1959.89
89,5.28,16,9,376.64,310,951.34
190,6.7,8,7,124.12,503,1600.38
449,3.26,11,11,194.33,539,1688.96
452,3.41,16,4,299.49,303,1632.44
373,3.4,13,10,253.99,215,1685.95
91,6.56,7,14,410.23,748,1110.55
362,6.08,9,14,22.1,648,1835.69
285,4.83,11,8,220.43,926,1543.38
391,8.17,11,6,181.85,460,2930.74
238,4.84,12,4,288.72,840,1548.65
160,3.55,8,4,98.03,408,648.26
88,9.19,8,11,104.88,541,888.7
397,8.41,17,8,419.27,921,3728.37
245,9.53,12,4,434.74,531,2704.19
93,7.66,12,9,340.07,840,971.89
308,7.36,13,4,108.08,900,2037.15
319,6.93,8,11,65.3,635,1884.77
362,6.2,16,7,482.32,101,2812.57
55,6.37,15,3,104.49,750,487.67
291,7.03,7,6,424.21,240,2495.1
394,6.86,7,6,55.84,712,2630.96
195,8.21,9,14,273.68,458,1510.04
331,4.67,17,4,159.33,707,1675.49
306,2.59,12,6,218.9,227,1378.66
451,6.39,6,11,189.48,912,3087.47
393,4.83,17,11,125.87,135,1952.52
163,2.59,13,14,23.64,627,351.09
197,4.04,17,6,491.96,815,1372.01
446,4.41,9,5,238.21,229,2222.33
447,9.67,11,13,373.58,530,4525.3
373,3.34,8,3,45.38,931,1410.92
363,3.03,11,6,269.73,843,987.52
50,9.89,12,5,226.51,595,583.83
252,6.91,8,7,80.77,930,1834.15
241,6.16,16,4,198.17,681,1789.72
293,7.81,14,6,136.0,298,2273.88
164,2.64,13,5,445.98,905,1158.33
455,4.3,10,14,21.29,286,1696.94
357,7.9,11,3,224.51,783,2838.85
446,7.48,7,6,189.35,322,3245.74
341,9.15,11,13,392.43,314,3660.45
96,4.71,10,6,384.01,484,860.44
89,6.88,13,14,78.46,322,914.24
156,7.44,17,2,412.52,232,1663.42
187,5.94,11,10,405.56,874,1972.67
499,6.38,17,10,66.97,273,2869.46
267,8.83,10,5,413.1,695,3065.48
214,5.11,16,10,489.35,142,1728.74
431,8.01,7,9,102.43,788,3015.51
329,7.71,13,10,79.67,811,2270.76
437,8.66,17,6,481.16,696,4042.79
110,7.78,7,12,237.53,942,1366.57
50,3.9,13,11,292.7,629,525.75
56,6.58,17,14,149.77,898,415.92
177,8.79,16,6,315.34,980,1786.62
206,8.85,16,11,462.38,697,2415.31
146,6.41,6,9,315.05,610,1123.81
464,7.67,7,4,434.63,929,4252.06
84,6.76,6,12,136.57,893,555.96
474,4.61,13,10,429.4,219,2188.34
324,9.27,10,3,161.92,986,2643.34
118,7.71,9,10,393.63,120,1229.96
184,7.16,10,12,317.11,794,1428.1
298,6.39,16,4,381.61,801,2331.93
158,7.94,12,8,220.87,999,1446.41
354,4.44,13,13,478.04,916,2171.7
331,7.69,14,8,310.57,616,2522.41
241,4.88,10,10,91.81,360,1463.05
119,5.09,11,11,465.7,296,1212.63
440,4.93,7,10,129.29,171,2533.14
278,7.41,11,9,184.21,675,2262.82
440,7.87,16,11,446.02,851,3773.86
333,6.75,15,11,395.49,580,2396.86
152,3.16,10,8,328.85,243,1059.87
161,7.43,6,11,61.84,551,1198.76
358,5.01,15,13,348.97,806,2463.86
266,9.76,9,2,33.41,123,2198.7
108,8.21,12,2,468.73,849,1526.31
226,7.92,14,7,282.38,395,2140.78
315,7.84,15,5,282.84,315,2626.79
196,2.68,13,4,14.16,664,430.93
234,3.68,8,7,355.69,609,1162.41
241,9.64,9,11,47.97,200,1915.88
246,5.94,13,9,450.31,450,2096.42
278,5.1,7,14,487.63,848,1904.45
243,2.54,16,9,105.47,356,831.77
309,5.1,17,3,249.42,852,1903.33
267,9.39,16,13,426.78,957,2924.83
490,3.1,16,13,29.38,810,1327.45
162,9.77,16,2,108.45,755,1367.73
100,6.25,13,13,389.59,862,1694.68
194,3.28,15,4,392.83,121,964.51
395,6.11,8,7,35.64,695,2207.95
151,9.56,15,6,310.94,747,1927.57
202,7.49,9,12,403.55,593,1888.87
180,3.28,15,5,110.09,397,865.78
438,8.45,15,6,182.34,849,4111.75
171,9.67,11,10,288.77,842,2093.76
202,6.85,7,8,229.83,257,1117.05
150,5.32,17,2,263.92,484,886.24
404,8.49,12,3,182.59,385,3410.18
340,8.28,8,5,148.92,347,2590.87
484,8.36,9,4,441.81,918,4145.84
398,6.12,17,5,337.0,576,2594.91
180,8.69,17,14,495.9,656,2167.08
468,7.71,8,8,433.26,493,3812.12
59,5.31,9,6,315.35,689,637.73
278,8.17,15,2,194.64,487,2134.63
89,4.32,16,2,468.64,870,798.33
102,8.18,9,8,97.38,800,520.32
301,5.63,10,3,465.66,948,2092.68
275,2.57,15,8,45.46,573,863.58
333,9.97,11,7,492.44,596,3993.87
160,6.04,12,5,158.65,917,1320.98
298,9.18,6,6,123.06,835,2582.36
316,2.56,12,3,269.64,954,1194.3
214,3.93,9,12,493.68,967,1472.73
53,3.53,14,14,273.67,864,831.88
192,4.14,6,8,228.97,579,1076.17
357,9.01,17,7,73.16,592,2652.22
107,9.45,16,5,103.29,724,1191.31
414,6.86,14,6,283.14,812,2942.71
118,3.94,7,12,449.41,852,1302.99
342,3.99,12,11,204.62,635,1326.83
367,4.0,14,11,461.93,667,2075.3
96,7.0,9,2,372.85,904,1199.3
225,3.11,6,9,26.38,926,506.54
170,2.64,17,14,149.93,141,469.08
313,7.98,13,2,460.82,890,2693.19
267,2.74,7,8,497.87,93,1799.25
133,5.28,10,4,240.7,420,881.12
418,3.41,7,3,33.75,206,1457.26
201,2.72,16,10,417.87,385,876.02
211,3.34,16,8,103.3,965,697.78
105,4.79,15,12,58.04,86,328.22
444,3.99,14,6,347.87,310,2006.1
171,8.24,13,12,42.16,724,1551.93
337,2.61,13,5,48.83,137,868.8
462,8.03,10,2,235.21,368,3466.31
258,6.25,15,12,30.68,308,1782.4
420,5.14,7,13,497.34,216,2660.35
411,9.83,13,10,150.27,709,4005.06
81,6.25,16,10,14.56,695,289.41
103,3.68,14,3,17.9,815,570.02
448,2.92,7,10,316.15,713,1541.42
193,2.54,15,2,134.07,755,104.6
410,2.94,11,12,101.58,236,1157.68
63,7.6,11,8,253.18,772,629.47
356,3.85,9,5,88.24,766,1726.61
493,4.65,17,8,62.44,831,2284.46
317,9.75,12,3,45.56,832,3005.08
272,4.24,16,2,192.43,499,1480.69
430,9.68,12,5,263.64,711,3739.96
249,8.71,9,5,263.39,705,2641.09
364,8.91,7,7,315.05,999,3548.03
237,9.72,11,13,95.64,986,2441.69
56,8.5,17,2,463.08,373,1446.45
326,8.41,8,5,436.31,979,3397.32
495,8.25,9,4,210.91,831,3836.17
365,6.5,9,4,86.37,812,2571.1
198,9.4,7,13,52.1,621,1848.52
58,7.28,9,8,300.56,55,895.38
335,9.85,9,4,204.07,807,3151.74
145,2.89,16,7,28.47,135,537.72
435,5.96,6,3,295.25,812,2916.44
299,6.29,15,11,147.0,756,1645.5
189,5.67,17,8,287.5,775,1696.51
414,6.79,9,11,472.17,106,3313.62
442,3.08,9,10,74.96,453,1276.48
313,7.34,13,7,452.94,447,2824.85
66,9.86,15,8,95.65,369,709.71
344,8.75,12,13,29.63,864,2885.78
398,7.76,17,7,416.53,391,3424.43
436,7.81,11,6,22.16,181,3091.14
471,6.84,16,5,291.01,442,3182.85
408,6.56,6,2,287.27,971,2962.18
355,5.47,11,2,433.56,814,2294.66
272,2.88,14,8,108.28,305,906.59
262,6.79,17,12,256.36,144,1735.69
113,4.91,12,11,485.63,550,1026.76
95,9.73,9,5,405.48,355,1552.13
147,5.97,9,2,230.4,824,1224.4
150,4.0,15,9,229.56,720,572.23
425,5.15,10,8,112.61,925,2173.75
96,4.77,12,3,71.29,589,507.01
157,4.47,13,14,423.14,739,1022.05
158,7.26,6,10,455.41,385,2073.97
448,3.57,11,5,376.85,71,2153.9
359,7.97,12,12,302.59,434,2773.58
416,3.48,12,13,272.05,190,1908.69
362,4.31,16,14,444.55,622,1882.18
251,3.04,7,8,128.46,213,879.2
338,7.11,11,13,338.66,948,2997.79
74,2.51,17,6,431.95,727,806.2
473,9.79,9,14,479.41,303,4756.55
216,9.8,15,11,125.17,855,2253.21
276,8.5,8,4,337.94,918,2921.54
353,8.54,10,4,149.49,494,2941.11
265,7.6,11,10,436.77,397,2477.19
280,9.0,7,6,494.13,50,3218.75
368,9.85,6,7,431.91,120,3803.14
280,7.23,9,7,303.52,869,2281.64
429,3.26,11,10,167.06,497,1557.16
152,8.78,14,2,341.79,825,1704.94
254,5.11,9,11,93.83,976,1569.51
121,4.48,17,7,169.53,351,421.28
482,2.82,13,5,469.97,859,1801.5
435,6.84,14,4,106.87,689,3047.58
103,5.73,17,6,292.14,668,881.27
497,4.21,8,2,247.06,940,1949.64
338,4.38,6,9,247.69,850,1914.68
91,6.23,11,14,135.98,760,823.53
439,2.89,9,5,73.24,779,1233.36
283,9.72,16,8,270.72,291,2889.37
110,5.64,10,11,130.19,817,796.36
228,8.03,14,9,357.77,653,2293.46
162,5.41,10,5,159.5,776,1286.36
359,5.18,11,14,335.23,283,2201.79
221,6.06,15,9,336.31,746,1835.43
295,3.74,6,9,355.2,862,1575.88
247,7.15,12,3,19.97,503,1744.68
448,9.16,17,3,358.45,534,4490.15
498,7.67,8,13,434.84,374,4040.77
85,7.52,12,3,112.56,824,643.18
302,7.28,6,9,184.82,70,1808.28
86,7.05,10,2,273.32,587,797.77
354,5.3,14,10,174.86,237,1742.31
145,3.6,9,3,135.28,249,700.1
65,8.63,10,7,473.73,224,821.51
214,6.4,6,9,127.29,317,1554.38
100,5.11,7,13,388.69,57,803.37
147,9.41,10,11,181.98,600,1107.3
495,9.95,17,4,11.79,417,4634.73
221,3.09,16,6,317.73,795,891.05
104,4.38,13,9,150.25,526,622.98
264,7.08,8,11,378.68,103,2645.65
366,6.13,10,5,84.12,78,2131.61
308,7.26,16,8,331.16,632,2591.29
481,4.64,15,10,452.98,170,2958.57
425,5.15,8,10,317.97,136,2653.79
144,9.45,17,3,125.95,768,1433.63
75,3.01,17,10,81.36,342,431.74
379,8.21,14,8,99.49,773,2827.97
376,6.24,16,7,358.11,615,2722.46
91,7.08,7,4,176.71,926,680.87
87,6.69,17,8,378.84,746,1091.27
329,4.11,8,8,129.13,84,1404.84
265,3.16,17,12,298.33,193,1095.98
190,6.66,14,9,67.36,463,1534.69
415,2.94,12,2,135.58,969,1439.8
275,9.88,6,11,277.09,342,2658.45
333,4.43,11,11,327.53,481,1638.09
250,2.83,7,4,438.93,94,1210.9
305,7.98,6,14,161.09,513,2325.92
147,2.81,6,9,481.55,90,1110.96
492,4.81,11,8,53.84,215,2055.99
458,7.95,6,6,354.93,514,3912.87
416,4.42,8,3,259.77,176,2431.55
112,3.04,11,8,166.81,582,659.65
349,7.27,6,4,73.09,470,2324.36
335,5.69,11,12,311.1,949,2140.55
177,6.33,8,4,255.95,896,1334.18
192,9.05,17,3,168.53,492,2036.17
489,5.9,15,3,404.51,283,3145.36
198,6.27,6,12,35.46,538,1251.54
106,6.54,7,4,228.9,936,905.16
202,8.03,11,11,225.81,62,1997.53
295,7.42,8,11,113.08,177,2131.14
122,4.99,17,3,102.07,713,542.68
369,4.14,15,14,140.14,633,1473.9
166,6.41,8,5,488.18,379,1421.28
454,9.47,16,5,481.56,862,4309.25
71,4.8,10,9,488.48,806,1176.42
129,8.24,11,12,207.79,755,989.97
397,3.02,15,5,442.04,736,1992.59
51,2.93,11,13,494.78,602,994.66
247,7.17,11,14,177.37,299,1992.69
291,7.45,10,11,90.49,154,2056.0
485,4.5,12,8,57.83,744,2084.68
206,5.73,6,8,306.11,480,1452.98
226,5.74,6,4,223.67,820,1366.76
156,3.07,6,12,173.02,357,499.64
211,4.65,17,9,134.07,768,1002.73
177,9.86,17,8,69.27,843,2025.79
284,4.07,15,14,274.9,380,2029.89
189,7.54,8,2,97.63,652,1818.38
176,9.61,13,4,434.76,360,2122.78
377,8.56,11,12,371.88,439,3229.09
315,5.26,15,14,227.8,914,1906.51
111,9.71,7,2,48.48,614,976.17
157,7.73,8,7,421.82,583,1788.79
409,9.91,11,4,493.42,527,4591.74
163,7.58,11,7,337.59,474,1525.29
195,3.03,16,8,479.31,713,959.31
197,2.77,10,7,46.82,524,495.59
354,7.28,14,11,468.06,413,3151.17
389,9.3,7,14,46.35,906,3187.56
330,6.6,11,5,473.43,905,3040.61
60,8.21,12,10,348.14,138,851.22
153,7.44,17,5,440.94,552,1505.87
298,7.46,7,3,286.83,941,2516.98
83,7.78,15,10,335.26,151,825.58
118,5.05,12,11,419.13,228,807.63
459,8.06,15,7,337.69,259,3846.7
281,9.63,15,6,59.3,295,2612.07
301,5.45,8,2,88.82,212,1647.54
459,8.03,9,9,112.58,389,3278.45
487,7.03,17,12,367.65,221,3781.42
203,5.75,16,8,99.95,390,937.07
433,8.96,16,8,285.45,447,4049.6
60,4.59,12,8,441.93,576,1073.57
335,9.25,12,10,128.21,606,3316.38
390,3.64,13,14,406.34,233,1676.03
372,5.95,8,9,288.92,185,2272.11
92,4.87,7,13,473.06,856,1260.6
471,5.07,12,11,297.03,357,2457.88
160,7.1,13,6,44.53,294,815.52
342,3.33,17,9,248.36,164,1308.21
322,3.75,7,13,277.84,976,1402.3
447,7.54,6,14,46.05,638,2974.57
143,2.69,9,6,105.12,126,449.08
273,7.77,11,3,74.47,374,2165.76
460,7.2,7,12,31.39,184,2898.17
104,7.85,13,4,280.65,614,1126.8
391,8.18,13,13,217.67,666,3458.67
208,8.99,6,2,174.45,806,2067.35
310,4.38,11,7,82.25,383,1357.15
275,5.53,13,11,445.95,569,1898.6
264,9.7,9,10,451.44,436,2926.91
78,8.5,7,10,14.09,787,544.72
366,6.24,16,7,113.78,416,2205.38
139,3.0,17,3,175.8,98,866.7
102,4.3,10,14,126.68,701,270.95
318,7.79,12,7,448.11,214,3088.17
422,6.62,13,8,383.47,70,3142.09
232,7.33,14,11,164.15,936,1471.46
287,3.57,13,5,391.18,925,1172.27
288,7.52,6,7,86.7,195,2393.55
467,5.91,9,12,127.57,420,2375.61
203,6.85,10,4,328.91,382,1797.23
278,8.66,16,10,246.7,165,2601.32
419,9.48,10,2,237.27,923,3809.66
83,5.67,11,2,438.63,811,880.76
328,8.67,15,12,490.9,554,3466.41
167,5.27,11,12,467.86,230,1652.75
239,4.22,9,6,188.17,78,807.32
279,5.51,14,13,359.84,154,1645.82
294,3.49,14,7,360.05,531,1406.83
231,6.07,13,14,263.98,64,1767.38
337,6.52,7,2,253.29,246,2404.4
367,3.46,17,10,253.2,158,1501.51
264,9.76,11,11,228.48,552,2598.69
160,8.81,9,3,342.79,509,1515.61
327,7.31,13,3,231.59,78,2544.21
425,4.13,9,11,473.98,644,2668.23
125,5.96,11,12,467.68,323,1276.37
406,5.87,10,7,397.35,873,2480.84
168,4.19,14,13,43.33,348,772.25
288,2.79,15,12,323.24,443,1443.98
133,7.65,11,8,233.6,219,1285.14
291,7.06,9,6,191.92,828,2056.2
312,9.24,16,5,445.0,869,3249.12
142,4.09,13,13,398.49,772,1590.95
397,2.8,8,11,131.66,224,995.1
313,3.41,11,14,139.87,520,1257.54
197,8.69,17,4,120.58,880,2091.17
250,3.54,14,10,67.58,171,992.03
335,7.82,12,7,499.74,722,2991.54
370,3.62,6,13,211.3,758,1474.54
323,6.6,11,5,37.03,753,1923.68
217,4.89,11,5,187.47,94,1100.54
57,3.02,17,13,10.7,683,639.91
420,3.75,11,7,395.62,196,1952.34
84,9.21,11,12,256.82,627,958.07
247,4.58,17,7,374.77,837,1688.31
433,8.51,15,2,235.75,940,3822.05
198,2.91,14,4,303.65,324,949.84
285,7.72,12,2,192.6,913,2216.72
231,5.29,12,9,87.67,666,1166.37
88,3.49,10,5,498.46,577,1394.11
328,2.81,15,13,470.94,375,1716.21
345,8.32,10,9,95.24,150,2815.61
418,3.61,12,12,281.76,849,1566.44
66,3.64,9,2,16.26,497,-58.95
244,5.24,11,4,354.4,759,1888.61
84,7.25,14,3,274.43,329,796.68
320,8.16,6,8,392.53,602,2635.07
288,7.95,12,2,163.29,118,2036.29
61,5.35,17,5,256.54,686,586.6
251,4.04,13,2,214.8,966,1330.22
413,7.15,11,13,405.74,686,3148.53
93,7.95,17,13,390.64,163,1285.38
184,9.9,14,8,233.14,788,2018.23
454,3.33,13,9,232.17,792,1518.96
495,9.49,17,3,133.89,933,4550.3
92,7.38,16,11,432.3,496,1550.27
423,6.19,11,14,161.37,193,2930.01
67,8.67,11,3,222.68,537,892.99
264,2.82,8,6,284.57,318,1125.0
177,9.51,8,3,72.05,130,1731.72
375,6.37,11,10,232.93,485,2221.21
282,4.28,16,12,393.75,734,1975.91
236,8.16,15,8,239.9,280,2232.25
487,5.6,11,8,494.67,758,3392.14
59,9.15,17,4,327.38,61,693.51
215,4.71,9,6,89.82,234,789.63
486,5.48,16,3,83.21,989,2336.71
229,4.75,10,11,16.28,186,975.72
306,9.63,9,8,129.91,576,2881.55
142,3.63,11,14,456.98,194,711.78
331,2.56,14,5,386.69,309,1417.77
373,2.97,14,12,72.28,703,995.69
473,6.23,6,7,91.73,261,2844.16
408,8.75,14,11,265.71,417,3721.74
389,5.84,6,10,139.93,677,2628.23
463,9.78,14,11,65.56,530,4445.05
149,9.11,15,2,446.58,907,1707.13
292,4.82,7,5,123.18,447,1290.07
460,8.94,12,14,414.69,134,4059.44
239,4.26,16,9,192.94,443,1231.43
82,5.14,6,11,97.47,85,393.88
236,6.67,15,9,215.27,294,1427.38
388,9.69,12,14,360.2,535,3792.9
282,6.94,7,12,19.63,666,1752.34
269,7.57,13,4,366.31,940,2353.93
97,3.34,11,8,117.5,916,403.12
84,6.7,17,11,266.41,854,1133.24
453,8.63,15,9,290.66,989,3572.47
108,7.47,14,13,114.3,584,745.03
485,3.83,6,11,274.2,277,2259.5
492,7.7,9,12,205.14,842,3795.53
452,4.01,13,8,428.11,444,2301.22
250,4.62,6,7,224.2,181,1171.82
284,8.12,11,12,289.39,260,2418.19
398,2.73,15,6,101.52,353,1007.45
494,7.41,7,12,337.03,181,3848.35
410,6.2,15,10,93.68,88,2779.71
466,3.14,15,3,112.96,182,1566.82
105,3.01,11,7,12.62,235,337.97
222,7.27,9,2,404.43,833,2235.81
236,7.24,8,8,451.94,249,1906.81
488,4.52,10,7,345.37,195,2737.66
79,3.91,13,8,47.01,469,356.0
389,8.07,8,4,339.98,784,3330.6
332,7.82,7,4,459.21,426,3400.31
200,8.35,10,2,457.73,92,2149.73
235,6.29,8,11,103.71,514,1355.89
497,9.72,8,11,157.03,254,4456.51
282,4.31,7,11,141.46,749,832.84
428,7.33,8,11,431.07,623,3590.56
428,7.89,7,7,275.73,924,3382.06
364,9.64,8,9,257.85,69,3351.01
261,6.16,14,13,170.23,415,1634.03
296,7.15,15,10,200.82,357,2218.71
336,6.42,9,2,71.88,833,1866.87
298,6.03,6,12,46.3,965,1900.81
144,7.57,12,14,283.36,376,1293.8
155,3.04,11,8,316.87,349,1301.13
351,3.01,8,14,287.27,639,1345.43
85,4.35,11,14,268.03,694,811.18
52,8.74,16,11,466.46,428,1092.62
177,9.91,8,4,172.15,752,1803.36
98,3.3,11,4,383.44,228,733.78
301,5.44,7,3,49.23,711,1727.1
109,4.77,16,3,195.56,563,1032.2
293,3.57,6,8,387.51,306,1385.6
199,9.19,12,7,467.65,386,2381.19
310,3.19,16,2,213.07,907,1238.0
352,2.61,11,10,404.14,526,1443.11
319,7.39,11,12,294.58,609,2123.83
185,8.9,9,8,52.04,991,1778.15
423,8.88,9,8,275.01,67,3935.63
398,4.12,17,2,79.96,410,1721.66
222,5.86,15,10,300.32,641,1834.24
464,5.59,11,5,242.48,460,2961.4
435,7.43,9,12,52.83,345,3259.53
422,3.69,7,4,233.23,186,1817.02
148,4.12,11,3,72.28,972,911.05
299,2.58,15,3,475.86,832,1139.86
87,4.83,16,14,276.96,530,938.86
451,6.65,17,2,398.4,245,3534.61
91,8.61,15,2,251.26,274,1247.76
423,6.12,11,2,351.54,331,3241.87
307,8.08,13,12,340.4,518,2445.85
313,6.39,15,8,468.41,577,2271.87
465,9.75,10,14,412.11,384,4667.03
478,5.27,9,8,175.89,57,2437.66
275,2.78,12,10,385.94,508,1226.89
462,5.46,9,11,167.12,373,2609.64
96,4.74,15,13,35.94,452,593.96
125,7.66,7,13,50.86,826,1261.85
434,9.68,9,12,29.25,551,3590.73
382,3.35,12,3,328.8,92,1737.37
118,3.29,13,14,483.63,197,915.48
117,3.91,12,4,482.7,726,838.55
410,4.7,11,6,429.72,117,2354.26
317,9.36,17,6,161.59,654,2882.33
135,4.21,14,8,51.26,125,505.03
208,9.5,13,6,120.05,516,1794.46
124,3.13,6,11,375.24,958,983.87
149,5.8,13,12,86.88,869,1413.35
484,8.36,6,13,486.31,893,4263.37
160,6.73,13,14,235.45,466,1552.36
54,5.2,16,5,325.66,986,1088.0
57,6.02,17,11,173.52,858,778.81
69,7.46,16,3,354.61,610,1028.57
452,4.21,14,10,483.76,246,1877.12
139,4.62,15,6,372.39,753,1237.5
302,3.24,7,11,484.78,88,1963.09
269,8.72,14,4,273.41,540,2545.05
393,3.71,9,3,490.18,651,2221.32
490,4.57,15,14,391.47,998,2615.44
225,4.2,12,11,403.32,590,1433.99
85,2.51,15,5,213.87,890,547.46
329,9.5,17,14,437.47,113,3480.17
428,8.48,13,9,124.26,170,3418.71
274,6.5,9,13,434.9,898,2017.01
287,8.52,8,3,194.37,672,2275.85
458,4.96,10,4,451.8,425,2550.46
473,3.42,12,7,352.66,761,1964.39
127,4.09,11,14,453.74,704,1226.94
165,5.47,13,10,127.03,458,843.52
376,9.97,10,5,74.01,182,3364.47
280,9.02,16,4,450.81,306,3036.75
242,5.72,9,3,228.88,156,1771.63
310,2.8,17,3,80.5,283,779.0
230,6.11,16,2,414.32,490,1607.21
466,6.49,10,3,133.48,941,2849.4
135,6.94,11,6,45.15,536,1293.56
190,8.27,10,10,271.68,743,1505.5
93,9.21,6,9,147.92,590,1131.56
98,9.73,13,10,197.75,700,1259.69
58,5.53,10,10,241.23,212,612.1
221,8.93,11,3,156.09,292,1700.2
458,6.55,7,4,393.55,998,3700.09
185,2.59,11,6,370.66,302,679.1
203,8.83,14,14,245.27,242,1772.27
452,8.25,6,11,65.29,402,3669.98
122,8.19,12,14,272.84,150,1245.76
265,3.09,7,7,264.96,855,875.6
74,7.39,17,7,317.7,982,1035.38
286,5.05,15,2,279.84,599,1496.36
227,4.37,8,2,240.64,142,972.06
467,8.11,13,10,461.89,498,4139.64
74,6.34,16,7,455.12,329,899.33
